;Regional;Cultural;Historical;Political;BPM;Key
NL_1975;False;False;False;False;139;Major
GB_1976;False;False;True;False;97;Major
FR_1977;False;False;False;True;125;Minor
IL_1978;False;False;True;False;145;Minor
IL_1979;False;False;False;False;141;Major
IE_1980;True;True;True;True;97;Major
GB_1981;True;True;False;False;178;Major
DE_1982;False;False;True;True;118;Minor
LU_1983;False;False;False;True;142;Minor
SE_1984;True;True;True;True;131;Major
NO_1985;True;True;False;False;148;Major
BE_1986;True;False;True;True;139;Major
IE_1987;True;True;True;True;151;Major
CH_1988;False;False;False;False;144;Major
YU_1989;False;False;False;False;147;Major
IT_1990;False;True;False;True;102;Major
SE_1991;True;True;False;True;93;Major
IE_1992;True;True;True;False;78;Major
IE_1993;True;True;True;False;139;Major
IE_1994;True;True;True;True;124;Major
NO_1995;False;False;False;True;81;Minor
IE_1996;False;False;True;False;125;Major
GB_1997;True;True;True;False;166;Major
IL_1998;False;False;True;False;134;Minor
SE_1999;True;True;False;True;144;Major
DK_2000;True;True;True;False;104;Major
EE_2001;True;True;True;True;124;Major
LV_2002;True;True;True;True;144;Minor
TR_2003;True;False;True;False;95;Major
UA_2004;True;True;True;False;172;Major
GR_2005;True;True;False;False;113;Minor
FI_2006;True;True;True;True;123;Minor
RS_2007;False;True;True;False;152;Major
RU_2008;True;True;True;True;133;Major
NO_2009;True;True;True;True;108;Minor
DE_2010;True;True;False;False;95;Major
AZ_2011;False;True;False;True;86;Major
SE_2012;True;True;True;True;132;Major
DK_2013;True;True;True;True;111;Minor
AT_2014;False;True;True;True;164;Minor
SE_2015;True;True;True;True;124;Major
UA_2016;True;True;True;False;120;Minor
PT_2017;True;True;True;True;172;Major
IL_2018;True;False;False;True;130;Minor
NL_2019;True;True;False;False;143;Major
IT_2021;True;True;False;True;103;Minor
UA_2022;True;False;True;True;105;Minor
SE_2023;True;True;True;True;150;Minor
CH_2024;True;True;True;True;160;Minor
AT_2025;False;True;True;True;133;Minor
